<?xml version="1.0" encoding="utf-8"?>
<Defs>
 
  <ThingDef ParentName="BasedMom">
    <defName>SepticTank</defName>
    <label>Septic Tank</label>
    <description>Tank for seweage, must be emptied manually. Does not breakdown but will stop working once full or when over capacity. Continue to fill when over capicity.</description>
    <thingClass>FecalToCompost.Building_SepticTank</thingClass>
    <graphicData>
      <texPath>Things/Building/SepticTank</texPath>
      <graphicClass>Graphic_Multi</graphicClass>
      <drawSize>(4,2)</drawSize>
      <damageData>
        <rect>(0.05,0.05,0.95,0.95)</rect>
      </damageData>
    </graphicData>
    <category>Building</category>
    <tickerType>Never</tickerType>
    <altitudeLayer>Building</altitudeLayer>
    <passability>PassThroughOnly</passability>
    <blockWind>false</blockWind>
    <castEdgeShadows>true</castEdgeShadows>
    <selectable>true</selectable>
    <pathCost>8</pathCost>
    <size>(4,2)</size>
    <costList>
      <Steel>405</Steel>
      <Component>2</Component>
    </costList>
    <leaveResourcesWhenKilled>true</leaveResourcesWhenKilled>
    <soundImpactDefault>BulletImpactMetal</soundImpactDefault>
    <rotatable>true</rotatable>
    <statBases>
      <MaxHitPoints>350</MaxHitPoints>
      <WorkToBuild>1200</WorkToBuild>
      <Beauty>-30</Beauty>
	  <Cleanliness>-80</Cleanliness>
    </statBases>
    <designationHotKey>Misc11</designationHotKey>
    <comps>
      <li Class="DubsBadHygiene.CompProperties_Pipe">
        <mode>Sewage</mode>
      </li>
	  
    </comps>
    <researchPrerequisites>
      <li>Plumbing</li>
    </researchPrerequisites>
  </ThingDef>
  
 </Defs>